DOIs,Titles
doi:10.5683/SP3/SXJSGC,"Enquête sur la population active, décembre 2017 [Canada] [Remanié 2025]"
doi:10.5683/SP3/PSEG9J,"Enquête sur la population active, octobre 2017 [Canada] [Remanié 2025]"
doi:10.5683/SP3/5OXEPO,"Enquête sur la population active, août 2016 [Canada] [Remanié 2025]"
doi:10.5683/SP3/LHAMIM,"Enquête sur la population active, décembre 2016 [Canada] [Remanié 2025]"
doi:10.5683/SP3/HHTPVS,"Enquête sur la population active, avril 2016 [Canada] [Remanié 2025]"
doi:10.5683/SP3/QLUCVM,"Enquête sur la population active, février 2016 [Canada] [Remanié 2025]"
doi:10.5683/SP3/OOW9NX,"Enquête sur la population active, janvier 2016 [Canada] [Remanié 2025]"
doi:10.5683/SP3/RMZZGA,"Enquête sur la population active, juillet 2016 [Canada] [Remanié 2025]"
doi:10.5683/SP3/9CDGCF,"Enquête sur la population active, juin 2016 [Canada] [Remanié 2025]"
doi:10.5683/SP3/R5EIJA,"Enquête sur la population active, mai 2016 [Canada] [Remanié 2025]"
doi:10.5683/SP3/N12UJL,"Enquête sur la population active, mars 2016 [Canada] [Remanié 2025]"
doi:10.5683/SP3/QTTCAW,"Enquête sur la population active, septembre 2016 [Canada] [Remanié 2025]"
doi:10.5683/SP3/NKSPSP,"Enquête sur la population active, novembre 2016 [Canada] [Remanié 2025]"
doi:10.5683/SP3/DRA14J,"Enquête sur la population active, octobre 2016 [Canada] [Remanié 2025]"
doi:10.5683/SP3/5MNQ0I,"Enquête sur la population active, avril 2017 [Canada] [Remanié 2025]"
doi:10.5683/SP3/VLR2UP,"Enquête sur la population active, juin 2017 [Canada] [Remanié 2025]"
doi:10.5683/SP3/YYLSDT,"Enquête sur la population active, août 2017 [Canada] [Remanié 2025]"
doi:10.5683/SP3/OZ1AJI,"Enquête sur la population active, novembre 2017 [Canada] [Remanié 2025]"
doi:10.5683/SP3/AXPFZJ,"Enquête sur la population active, décembre 2018 [Canada] [Remanié 2025]"
doi:10.5683/SP3/67YWKT,"Enquête sur la population active, septembre 2017 [Canada] [Remanié 2025]"
doi:10.5683/SP3/W1PVFR,"Enquête sur la population active, février 2018 [Canada] [Remanié 2025]"
doi:10.5683/SP3/JVEFZN,"Enquête sur la population active, août 2018 [Canada] [Remanié 2025]"
doi:10.5683/SP3/S6A1TA,"Enquête sur la population active, avril 2018 [Canada] [Remanié 2025]"
doi:10.5683/SP3/PELARC,"Enquête sur la population active, juillet 2017 [Canada] [Remanié 2025]"
doi:10.5683/SP3/VPPNYK,"Enquête sur la population active, juillet 2018 [Canada] [Remanié 2025]"
doi:10.5683/SP3/CDA0SF,"Enquête sur la population active, juin 2018 [Canada] [Remanié 2025]"
doi:10.5683/SP3/NY3SCJ,"Enquête sur la population active, mai 2018 [Canada] [Remanié 2025]"
doi:10.5683/SP3/SO9GQO,"Enquête sur la population active, mars 2018 [Canada] [Remanié 2025]"
doi:10.5683/SP3/KTWXOJ,"Enquête sur la population active, octobre 2018 [Canada] [Remanié 2025]"
doi:10.5683/SP3/NKYXJW,"Enquête sur la population active, septembre 2018 [Canada] [Remanié 2025]"
doi:10.5683/SP3/EWB3ZO,"Enquête sur la population active, novembre 2018 [Canada] [Remanié 2025]"
doi:10.5683/SP3/DB1Y0H,"Enquête sur la population active, décembre 2019 [Canada] [Remanié 2025]"
doi:10.5683/SP3/PBMMGX,"Enquête sur la population active, février 2019 [Canada] [Remanié 2025]"
doi:10.5683/SP3/SAIWLU,"Enquête sur la population active, août 2019 [Canada] [Remanié 2025]"
doi:10.5683/SP3/5UL7YN,"Enquête sur la population active, avril 2019 [Canada] [Remanié 2025]"
doi:10.5683/SP3/58CLYN,"Enquête sur la population active, juillet 2019 [Canada] [Remanié 2025]"
doi:10.5683/SP3/STEHQI,"Enquête sur la population active, mai 2019 [Canada] [Remanié 2025]"
doi:10.5683/SP3/SZOCBD,"Enquête sur la population active, octobre 2019 [Canada] [Remanié 2025]"
doi:10.5683/SP3/L0JTJH,"Enquête sur la population active, mars 2019 [Canada] [Remanié 2025]"
doi:10.5683/SP3/BSZWAF,"Enquête sur la population active, janvier 2019 [Canada] [Remanié 2025]"
doi:10.5683/SP3/JNWJYM,"Enquête sur la population active, septembre 2019 [Canada] [Remanié 2025]"
doi:10.5683/SP3/TWNVAS,"Enquête sur la population active, novembre 2019 [Canada] [Remanié 2025]"
doi:10.5683/SP3/TMZHCV,"Enquête sur la population active, août 2020 [Canada] [Remanié 2025]"
doi:10.5683/SP3/IHEQ2L,"Enquête sur la population active, février 2020 [Canada] [Remanié 2025]"
doi:10.5683/SP3/GKO2WI,"Enquête sur la population active, janvier 2020 [Canada] [Remanié 2025]"
doi:10.5683/SP3/XFB4LS,"Enquête sur la population active, décembre 2020 [Canada] [Remanié 2025]"
doi:10.5683/SP3/MUJMBS,"Enquête sur la population active, avril 2020 [Canada] [Remanié 2025]"
doi:10.5683/SP3/O63POH,"Enquête sur la population active, juillet 2020 [Canada] [Remanié 2025]"
doi:10.5683/SP3/COCB6J,"Enquête sur la population active, juin 2020 [Canada] [Remanié 2025]"
doi:10.5683/SP3/T57LSQ,"Enquête sur la population active, mai 2020 [Canada] [Remanié 2025]"
doi:10.5683/SP3/7SRWLS,"Enquête sur la population active, novembre 2020 [Canada] [Remanié 2025]"
doi:10.5683/SP3/UOWEBE,"Enquête sur la population active, octobre 2020 [Canada] [Remanié 2025]"
doi:10.5683/SP3/WHMB6L,"Enquête sur la population active, septembre 2020 [Canada] [Remanié 2025]"
doi:10.5683/SP3/GNOBZA,"Enquête sur la population active, mars 2020 [Canada] [Remanié 2025]"
doi:10.5683/SP3/HIYF3G,"Enquête sur la population active, août 2021 [Canada] [Remanié 2025]"
doi:10.5683/SP3/2DFKVK,"Enquête sur la population active, avril 2021 [Canada] [Remanié 2025]"
doi:10.5683/SP3/LVSVCY,"Enquête sur la population active, février 2021 [Canada] [Remanié 2025]"
doi:10.5683/SP3/L0KQUJ,"Enquête sur la population active, juillet 2021 [Canada] [Remanié 2025]"
doi:10.5683/SP3/YNK6NC,"Enquête sur la population active, mars 2021 [Canada] [Remanié 2025]"
doi:10.5683/SP3/ZXYHWP,"Enquête sur la population active, janvier 2021 [Canada] [Remanié 2025]"
doi:10.5683/SP3/QVPVNP,"Enquête sur la population active, septembre 2021 [Canada] [Remanié 2025]"
doi:10.5683/SP3/PKTFG3,"Enquête sur la population active, octobre 2021 [Canada] [Remanié 2025]"
doi:10.5683/SP3/4NHHPK,"Enquête sur la population active, juin 2021 [Canada] [Remanié 2025]"
doi:10.5683/SP3/PVLIHX,"Enquête sur la population active, avril 2022 [Canada] [Remanié 2025]"
doi:10.5683/SP3/5GEEJS,"Enquête sur la population active, décembre 2022 [Canada] [Remanié 2025]"
doi:10.5683/SP3/YYOVWQ,"Enquête sur la population active, juillet 2022 [Canada] [Remanié 2025]"
doi:10.5683/SP3/Q01O4I,"Enquête sur la population active, février 2022 [Canada] [Remanié 2025]"
doi:10.5683/SP3/PPOYPF,"Enquête sur la population active, mai 2021 [Canada] [Remanié 2025]"
doi:10.5683/SP3/IUSURX,"Enquête sur la population active, mars 2022 [Canada] [Remanié 2025]"
doi:10.5683/SP3/S7ND9D,"Enquête sur la population active, mai 2022 [Canada] [Remanié 2025]"
doi:10.5683/SP3/FMVE6F,"Enquête sur la population active, juin 2022 [Canada] [Remanié 2025]"
doi:10.5683/SP3/LLBQ3N,"Enquête sur la population active, janvier 2022 [Canada] [Remanié 2025]"
doi:10.5683/SP3/KFWJRY,"Enquête sur la population active, avril 2023 [Canada] [Remanié 2025]"
doi:10.5683/SP3/SZ6VWU,"Enquête sur la population active, septembre 2022 [Canada] [Remanié 2025]"
doi:10.5683/SP3/AWASHS,"Enquête sur la population active, février 2023 [Canada] [Remanié 2025]"
doi:10.5683/SP3/LYUPZY,"Enquête sur la population active, mars 2023 [Canada] [Remanié 2025]"
doi:10.5683/SP3/EB1WJW,"Enquête sur la population active, octobre 2022 [Canada] [Remanié 2025]"
doi:10.5683/SP3/IFSE6K,"Enquête sur la population active, novembre 2022 [Canada] [Remanié 2025]"
doi:10.5683/SP3/IYPIBI,"Enquête sur la population active, janvier 2023 [Canada] [Remanié 2025]"
doi:10.5683/SP3/LSDRQC,"Enquête sur la population active, février 2015 [Canada] [Remanié 2025]"
doi:10.5683/SP3/TQ9OD8,"Enquête sur la population active, juin 2015 [Canada] [Remanié 2025]"
doi:10.5683/SP3/KTOOUY,"Enquête sur la population active, janvier 2015 [Canada] [Remanié 2025]"
doi:10.5683/SP3/SDYE9C,"Enquête sur la population active, mars 2015 [Canada] [Remanié 2025]"
doi:10.5683/SP3/1QJL5Q,"Enquête sur la population active, novembre 2015 [Canada] [Remanié 2025]"
doi:10.5683/SP3/MIF3XT,"Enquête sur la population active, juillet 2015 [Canada] [Remanié 2025]"
doi:10.5683/SP3/KOMWV7,"Enquête sur la population active, avril 2015 [Canada] [Remanié 2025]"
doi:10.5683/SP3/F2FXTU,"Enquête sur la population active, octobre 2015 [Canada] [Remanié 2025]"
doi:10.5683/SP3/MWIKDU,"Enquête sur la population active, janvier 2017 [Canada] [Remanié 2025]"
doi:10.5683/SP3/ESYDWR,"Enquête sur la population active, mai 2015 [Canada] [Remanié 2025]"
doi:10.5683/SP3/YMEMFH,"Enquête sur la population active, septembre 2015 [Canada] [Remanié 2025]"
doi:10.5683/SP3/T8MKEX,"Enquête sur la population active, mars 2017 [Canada] [Remanié 2025]"
doi:10.5683/SP3/YXXT4R,"Enquête sur la population active, décembre 2015 [Canada] [Remanié 2025]"
doi:10.5683/SP3/NAQ5DK,"Enquête sur la population active, février 2017 [Canada] [Remanié 2025]"
doi:10.5683/SP3/ZXEEOY,"Enquête sur la population active, août 2006 [Canada]  [Remanié 2023]"
doi:10.5683/SP3/ZNHYGZ,"Enquête sur la population active, août 2008 [Canada]  [Remanié 2023]"
doi:10.5683/SP3/E0SB87,"Enquête sur la population active, août 2014 [Canada] [Remanié 2025]"
doi:10.5683/SP3/KX7EOS,"Enquête sur la population active, août 2012 [Canada] [Remanié 2025]"
doi:10.5683/SP3/EOL8OS,"Enquête sur la population active, août 2007 [Canada]  [Remanié 2023]"
doi:10.5683/SP3/YFTDKK,"Enquête sur la population active, août 2011 [Canada] [Remanié 2025]"
doi:10.5683/SP3/K4WIXA,"Enquête sur la population active, août 2013 [Canada] [Remanié 2025]"
doi:10.5683/SP3/RNTMKS,"Enquête sur la population active, août 2009 [Canada]  [Remanié 2023]"
doi:10.5683/SP3/A4H67Q,"Enquête sur la population active, août 2010 [Canada]  [Remanié 2023]"
doi:10.5683/SP3/E7H5J6,"Enquête sur la population active, avril 2006 [Canada]  [Remanié 2023]"
doi:10.5683/SP3/B2199W,"Enquête sur la population active, avril 2007 [Canada]  [Remanié 2023]"
doi:10.5683/SP3/1VI66V,"Enquête sur la population active, avril 2008 [Canada]  [Remanié 2023]"
doi:10.5683/SP3/2QKQ64,"Enquête sur la population active, avril 2009 [Canada]  [Remanié 2023]"
doi:10.5683/SP3/574PER,"Enquête sur la population active, avril 2010 [Canada]  [Remanié 2023]"
doi:10.5683/SP3/VI08Y6,"Enquête sur la population active, avril 2011 [Canada] [Remanié 2025]"
doi:10.5683/SP3/CUO4TV,"Enquête sur la population active, avril 2014 [Canada] [Remanié 2025]"
doi:10.5683/SP3/GLDLEJ,"Enquête sur la population active, avril 2012 [Canada] [Remanié 2025]"
doi:10.5683/SP3/INH6VY,"Enquête sur la population active, avril 2013 [Canada] [Remanié 2025]"
doi:10.5683/SP3/JSH9DJ,"Enquête sur la population active, décembre 2006 [Canada]  [Remanié 2023]"
doi:10.5683/SP3/QHEWAV,"Enquête sur la population active, décembre 2010 [Canada]  [Remanié 2023]"
doi:10.5683/SP3/1JYSPG,"Enquête sur la population active, décembre 2007 [Canada]  [Remanié 2023]"
doi:10.5683/SP3/3P5T20,"Enquête sur la population active, décembre 2009 [Canada]  [Remanié 2023]"
doi:10.5683/SP3/AA6IVA,"Enquête sur la population active, décembre 2012 [Canada] [Remanié 2025]"
doi:10.5683/SP3/LQ1T4L,"Enquête sur la population active, décembre 2008 [Canada]  [Remanié 2023]"
doi:10.5683/SP3/G8B0O3,"Enquête sur la population active, décembre 2011 [Canada] [Remanié 2025]"
doi:10.5683/SP3/DGU5EQ,"Enquête sur la population active, décembre 2014 [Canada] [Remanié 2025]"
doi:10.5683/SP3/J5HRE7,"Enquête sur la population active, décembre 2013 [Canada] [Remanié 2025]"
doi:10.5683/SP3/HBHSQM,"Enquête sur la population active, février 2006 [Canada]  [Remanié 2023]"
doi:10.5683/SP3/KHTHEX,"Enquête sur la population active, février 2008 [Canada]  [Remanié 2023]"
doi:10.5683/SP3/7WOILV,"Enquête sur la population active, février 2009 [Canada]  [Remanié 2023]"
doi:10.5683/SP3/MCLDYQ,"Enquête sur la population active, février 2007 [Canada]  [Remanié 2023]"
doi:10.5683/SP3/FIHLNK,"Enquête sur la population active, février 2010 [Canada]  [Remanié 2023]"
doi:10.5683/SP3/0KNSJJ,"Enquête sur la population active, février 2011 [Canada] [Remanié 2025]"
doi:10.5683/SP3/GH38CW,"Enquête sur la population active, février 2013 [Canada] [Remanié 2025]"
doi:10.5683/SP3/O1ZNT3,"Enquête sur la population active, février 2014 [Canada] [Remanié 2025]"
doi:10.5683/SP3/UTGCVU,"Enquête sur la population active, février 2012 [Canada] [Remanié 2025]"
doi:10.5683/SP3/FJ7SOK,"Enquête sur la population active, janvier 2006 [Canada]  [Remanié 2023]"
doi:10.5683/SP3/LHSHTV,"Enquête sur la population active, janvier 2007 [Canada]  [Remanié 2023]"
doi:10.5683/SP3/8HSOTX,"Enquête sur la population active, janvier 2011 [Canada] [Remanié 2025]"
doi:10.5683/SP3/THJFNF,"Enquête sur la population active, janvier 2009 [Canada]  [Remanié 2023]"
doi:10.5683/SP3/JZEBPC,"Enquête sur la population active, janvier 2013 [Canada] [Remanié 2025]"
doi:10.5683/SP3/IAYK5C,"Enquête sur la population active, janvier 2010 [Canada]  [Remanié 2023]"
doi:10.5683/SP3/P4CQOW,"Enquête sur la population active, janvier 2008 [Canada]  [Remanié 2023]"
doi:10.5683/SP3/TUIYFV,"Enquête sur la population active, janvier 2014 [Canada] [Remanié 2025]"
doi:10.5683/SP3/XLEFR9,"Enquête sur la population active, janvier 2012 [Canada] [Remanié 2025]"
doi:10.5683/SP3/EJDHDA,"Enquête sur la population active, juillet 2006 [Canada]  [Remanié 2023]"
doi:10.5683/SP3/GDRUPX,"Enquête sur la population active, juillet 2008 [Canada]  [Remanié 2023]"
doi:10.5683/SP3/3OFKIW,"Enquête sur la population active, juillet 2009 [Canada]  [Remanié 2023]"
doi:10.5683/SP3/VVRFUN,"Enquête sur la population active, juillet 2007 [Canada]  [Remanié 2023]"
doi:10.5683/SP3/LJABQZ,"Enquête sur la population active, juillet 2010 [Canada]  [Remanié 2023]"
doi:10.5683/SP3/J7TKNK,"Enquête sur la population active, juillet 2014 [Canada] [Remanié 2025]"
doi:10.5683/SP3/YO9DET,"Enquête sur la population active, juillet 2011 [Canada] [Remanié 2025]"
doi:10.5683/SP3/RANXCF,"Enquête sur la population active, juillet 2012 [Canada] [Remanié 2025]"
doi:10.5683/SP3/433P06,"Enquête sur la population active, juillet 2013 [Canada] [Remanié 2025]"
doi:10.5683/SP3/GZP24X,"Enquête sur la population active, juin 2006 [Canada]  [Remanié 2023]"
doi:10.5683/SP3/HQDESB,"Enquête sur la population active, juin 2007 [Canada]  [Remanié 2023]"
doi:10.5683/SP3/B9FPMX,"Enquête sur la population active, juin 2008 [Canada]  [Remanié 2023]"
doi:10.5683/SP3/JX0NHE,"Enquête sur la population active, juin 2010 [Canada]  [Remanié 2023]"
doi:10.5683/SP3/Z06SCY,"Enquête sur la population active, juin 2009 [Canada]  [Remanié 2023]"
doi:10.5683/SP3/1Y74BR,"Enquête sur la population active, juin 2012 [Canada] [Remanié 2025]"
doi:10.5683/SP3/2IGVZ1,"Enquête sur la population active, juin 2011 [Canada] [Remanié 2025]"
doi:10.5683/SP3/RMVKJV,"Enquête sur la population active, juin 2013 [Canada] [Remanié 2025]"
doi:10.5683/SP3/YUSS1P,"Enquête sur la population active, juin 2014 [Canada] [Remanié 2025]"
doi:10.5683/SP3/ZYLFA1,"Enquête sur la population active, mai 2006 [Canada]  [Remanié 2023]"
doi:10.5683/SP3/HU5YY1,"Enquête sur la population active, mai 2009 [Canada]  [Remanié 2023]"
doi:10.5683/SP3/QSL7U6,"Enquête sur la population active, mai 2007 [Canada]  [Remanié 2023]"
doi:10.5683/SP3/XCUX2L,"Enquête sur la population active, mai 2010 [Canada]  [Remanié 2023]"
doi:10.5683/SP3/BSM7CH,"Enquête sur la population active, mai 2011 [Canada] [Remanié 2025]"
doi:10.5683/SP3/FNSEE8,"Enquête sur la population active, mai 2008 [Canada]  [Remanié 2023]"
doi:10.5683/SP3/EBFMXV,"Enquête sur la population active, mai 2012 [Canada] [Remanié 2025]"
doi:10.5683/SP3/EZDGFP,"Enquête sur la population active, mai 2013 [Canada] [Remanié 2025]"
doi:10.5683/SP3/JWXG8Z,"Enquête sur la population active, mai 2014 [Canada] [Remanié 2025]"
doi:10.5683/SP3/RIAIVB,"Enquête sur la population active, mars 2006 [Canada]  [Remanié 2023]"
doi:10.5683/SP3/QIEPZN,"Enquête sur la population active, mars 2010 [Canada]  [Remanié 2023]"
doi:10.5683/SP3/BHZZWY,"Enquête sur la population active, mars 2008 [Canada]  [Remanié 2023]"
doi:10.5683/SP3/KGCXDV,"Enquête sur la population active, mars 2012 [Canada] [Remanié 2025]"
doi:10.5683/SP3/WA8WIO,"Enquête sur la population active, mars 2007 [Canada]  [Remanié 2023]"
doi:10.5683/SP3/CMVQAW,"Enquête sur la population active, mars 2009 [Canada]  [Remanié 2023]"
doi:10.5683/SP3/LZ2ZYM,"Enquête sur la population active, mars 2014 [Canada] [Remanié 2025]"
doi:10.5683/SP3/YRTZUZ,"Enquête sur la population active, mars 2013 [Canada] [Remanié 2025]"
doi:10.5683/SP3/WFQ0MY,"Enquête sur la population active, mars 2011 [Canada] [Remanié 2025]"
doi:10.5683/SP3/DHREXG,"Enquête sur la population active, novembre 2006 [Canada]  [Remanié 2023]"
doi:10.5683/SP3/M7RSFC,"Enquête sur la population active, novembre 2007 [Canada]  [Remanié 2023]"
doi:10.5683/SP3/AUN3IV,"Enquête sur la population active, novembre 2008 [Canada]  [Remanié 2023]"
doi:10.5683/SP3/KQVEVX,"Enquête sur la population active, novembre 2009 [Canada]  [Remanié 2023]"
doi:10.5683/SP3/MCICEW,"Enquête sur la population active, novembre 2010 [Canada]  [Remanié 2023]"
doi:10.5683/SP3/JE6AWN,"Enquête sur la population active, novembre 2014 [Canada] [Remanié 2025]"
doi:10.5683/SP3/EH47C3,"Enquête sur la population active, novembre 2011 [Canada] [Remanié 2025]"
doi:10.5683/SP3/L8KAKB,"Enquête sur la population active, novembre 2012 [Canada] [Remanié 2025]"
doi:10.5683/SP3/JNEOIE,"Enquête sur la population active, novembre 2013 [Canada] [Remanié 2025]"
doi:10.5683/SP3/49QVOC,"Enquête sur la population active, octobre 2006 [Canada]  [Remanié 2023]"
doi:10.5683/SP3/SIG0DA,"Enquête sur la population active, octobre 2008 [Canada]  [Remanié 2023]"
doi:10.5683/SP3/G7JACP,"Enquête sur la population active, octobre 2009 [Canada]  [Remanié 2023]"
doi:10.5683/SP3/SDVTQK,"Enquête sur la population active, octobre 2014 [Canada] [Remanié 2025]"
doi:10.5683/SP3/WNVKOM,"Enquête sur la population active, octobre 2007 [Canada]  [Remanié 2023]"
doi:10.5683/SP3/ON5F2L,"Enquête sur la population active, octobre 2013 [Canada] [Remanié 2025]"
doi:10.5683/SP3/EMWC5Y,"Enquête sur la population active, octobre 2012 [Canada] [Remanié 2025]"
doi:10.5683/SP3/BMRMLC,"Enquête sur la population active, octobre 2011 [Canada] [Remanié 2025]"
doi:10.5683/SP3/ULSXYD,"Enquête sur la population active, octobre 2010 [Canada]  [Remanié 2023]"
doi:10.5683/SP3/DRXMF9,"Enquête sur la population active, septembre 2006 [Canada]  [Remanié 2023]"
doi:10.5683/SP3/YGHL16,"Enquête sur la population active, septembre 2007 [Canada]  [Remanié 2023]"
doi:10.5683/SP3/OAEV6U,"Enquête sur la population active, septembre 2008 [Canada]  [Remanié 2023]"
doi:10.5683/SP3/WZ2REI,"Enquête sur la population active, septembre 2009 [Canada]  [Remanié 2023]"
doi:10.5683/SP3/GT0FO7,"Enquête sur la population active, septembre 2011 [Canada] [Remanié 2025]"
doi:10.5683/SP3/O2ZH9H,"Enquête sur la population active, septembre 2013 [Canada] [Remanié 2025]"
doi:10.5683/SP3/PO8ZTT,"Enquête sur la population active, septembre 2012 [Canada] [Remanié 2025]"
doi:10.5683/SP3/UQFDGF,"Enquête sur la population active, septembre 2010 [Canada]  [Remanié 2023]"
doi:10.5683/SP3/FEPZN9,"Enquête sur la population active, septembre 2014 [Canada] [Remanié 2025]"
doi:10.5683/SP3/OAODWR,"Labour Force Survey, January 2017 [Canada]  [Rebased 2025]"
doi:10.5683/SP3/NZUCJM,"Labour Force Survey, December 2006 [Canada] [Rebased, 2023 Revisions]"
doi:10.5683/SP3/O02KEV,"Labour Force Survey, June 2006 [Canada] [Rebased, 2023 Revisions]"
doi:10.5683/SP3/KBZYQZ,"Labour Force Survey, January 2006 [Canada] [Rebased, 2023 Revisions]"
doi:10.5683/SP3/D3QTAY,"Labour Force Survey, August 2006 [Canada] [Rebased, 2023 Revisions]"
doi:10.5683/SP3/NCDETK,"Labour Force Survey, July 2006 [Canada] [Rebased, 2023 Revisions]"
doi:10.5683/SP3/J5RB96,"Labour Force Survey, May 2006 [Canada] [Rebased, 2023 Revisions]"
doi:10.5683/SP3/KVBLSG,"Labour Force Survey, March 2006 [Canada] [Rebased, 2023 Revisions]"
doi:10.5683/SP3/6REI1T,"Labour Force Survey, April 2006 [Canada] [Rebased, 2023 Revisions]"
doi:10.5683/SP3/GGTLPK,"Labour Force Survey, February 2006 [Canada] [Rebased, 2023 Revisions]"
doi:10.5683/SP3/0NEAF2,"Labour Force Survey, April 2007 [Canada] [Rebased, 2023 Revisions]"
doi:10.5683/SP3/2UZCUY,"Labour Force Survey, October 2006 [Canada] [Rebased, 2023 Revisions]"
doi:10.5683/SP3/LQSZZZ,"Labour Force Survey, November 2006 [Canada] [Rebased, 2023 Revisions]"
doi:10.5683/SP3/CHMOB8,"Labour Force Survey, December 2007 [Canada] [Rebased, 2023 Revisions]"
doi:10.5683/SP3/HNRB1Z,"Labour Force Survey, August 2007 [Canada] [Rebased, 2023 Revisions]"
doi:10.5683/SP3/NGMSOL,"Labour Force Survey, September 2006 [Canada] [Rebased, 2023 Revisions]"
doi:10.5683/SP3/1UZR2H,"Labour Force Survey, February 2007 [Canada] [Rebased, 2023 Revisions]"
doi:10.5683/SP3/BJFOOF,"Labour Force Survey, January 2007 [Canada] [Rebased, 2023 Revisions]"
doi:10.5683/SP3/W46ZDH,"Labour Force Survey, July 2007 [Canada] [Rebased, 2023 Revisions]"
doi:10.5683/SP3/MDYBEA,"Labour Force Survey, March 2007 [Canada] [Rebased, 2023 Revisions]"
doi:10.5683/SP3/G9USZB,"Labour Force Survey, June 2007 [Canada] [Rebased, 2023 Revisions]"
doi:10.5683/SP3/UYICD9,"Labour Force Survey, May 2007 [Canada] [Rebased, 2023 Revisions]"
doi:10.5683/SP3/J6V73G,"Labour Force Survey, November 2007 [Canada] [Rebased, 2023 Revisions]"
doi:10.5683/SP3/G1AV9K,"Labour Force Survey, October 2007 [Canada] [Rebased, 2023 Revisions]"
doi:10.5683/SP3/YFF6MK,"Labour Force Survey, September 2007 [Canada] [Rebased, 2023 Revisions]"
doi:10.5683/SP3/T8J5VW,"Labour Force Survey, April 2008 [Canada] [Rebased, 2023 Revisions]"
doi:10.5683/SP3/FLM0I6,"Labour Force Survey, March 2008 [Canada] [Rebased, 2023 Revisions]"
doi:10.5683/SP3/XQUFCL,"Labour Force Survey, June 2008 [Canada] [Rebased, 2023 Revisions]"
doi:10.5683/SP3/BJKYN0,"Labour Force Survey, January 2008 [Canada] [Rebased, 2023 Revisions]"
doi:10.5683/SP3/6EWYCL,"Labour Force Survey, July 2008 [Canada] [Rebased, 2023 Revisions]"
doi:10.5683/SP3/NUWJUN,"Labour Force Survey, August 2008 [Canada] [Rebased, 2023 Revisions]"
doi:10.5683/SP3/AAA57C,"Labour Force Survey, December 2008 [Canada] [Rebased, 2023 Revisions]"
doi:10.5683/SP3/FXNSFW,"Labour Force Survey, April 2009 [Canada] [Rebased, 2023 Revisions]"
doi:10.5683/SP3/WJJC3T,"Labour Force Survey, February 2008 [Canada] [Rebased, 2023 Revisions]"
doi:10.5683/SP3/X03VWA,"Labour Force Survey, November 2008 [Canada] [Rebased, 2023 Revisions]"
doi:10.5683/SP3/6E162L,"Labour Force Survey, May 2008 [Canada] [Rebased, 2023 Revisions]"
doi:10.5683/SP3/YMJQII,"Labour Force Survey, September 2008 [Canada] [Rebased, 2023 Revisions]"
doi:10.5683/SP3/9TLQNX,"Labour Force Survey, October 2008 [Canada] [Rebased, 2023 Revisions]"
doi:10.5683/SP3/YWQTB5,"Labour Force Survey, August 2009 [Canada] [Rebased, 2023 Revisions]"
doi:10.5683/SP3/R4BWAI,"Labour Force Survey, March 2009 [Canada] [Rebased, 2023 Revisions]"
doi:10.5683/SP3/BAVCPX,"Labour Force Survey, July 2009 [Canada] [Rebased, 2023 Revisions]"
doi:10.5683/SP3/PPQEUT,"Labour Force Survey, December 2009 [Canada] [Rebased, 2023 Revisions]"
doi:10.5683/SP3/6OFHYI,"Labour Force Survey, November 2009 [Canada] [Rebased, 2023 Revisions]"
doi:10.5683/SP3/PIVOV0,"Labour Force Survey, January 2009 [Canada] [Rebased, 2023 Revisions]"
doi:10.5683/SP3/B3DQVD,"Labour Force Survey, February 2009 [Canada] [Rebased, 2023 Revisions]"
doi:10.5683/SP3/E6DEK6,"Labour Force Survey, February 2010 [Canada] [Rebased, 2023 Revisions]"
doi:10.5683/SP3/HUFZVI,"Labour Force Survey, September 2009 [Canada] [Rebased, 2023 Revisions]"
doi:10.5683/SP3/ETU0CW,"Labour Force Survey, May 2009 [Canada] [Rebased, 2023 Revisions]"
doi:10.5683/SP3/NRHKZE,"Labour Force Survey, August 2010 [Canada] [Rebased, 2023 Revisions]"
doi:10.5683/SP3/KJHBOV,"Labour Force Survey, December 2010 [Canada] [Rebased, 2023 Revisions]"
doi:10.5683/SP3/CFPID6,"Labour Force Survey, June 2009 [Canada] [Rebased, 2023 Revisions]"
doi:10.5683/SP3/N7P5OR,"Labour Force Survey, January 2010 [Canada] [Rebased, 2023 Revisions]"
doi:10.5683/SP3/MRF4NX,"Labour Force Survey, July 2010 [Canada] [Rebased, 2023 Revisions]"
doi:10.5683/SP3/04GA6Q,"Labour Force Survey, June 2010 [Canada] [Rebased, 2023 Revisions]"
doi:10.5683/SP3/8ORSXN,"Labour Force Survey, October 2009 [Canada] [Rebased, 2023 Revisions]"
doi:10.5683/SP3/YGN3YF,"Labour Force Survey, April 2010 [Canada] [Rebased, 2023 Revisions]"
doi:10.5683/SP3/K7Q2J2,"Labour Force Survey, March 2010 [Canada] [Rebased, 2023 Revisions]"
doi:10.5683/SP3/OFQIZC,"Labour Force Survey, November 2010 [Canada] [Rebased, 2023 Revisions]"
doi:10.5683/SP3/FM7UBD,"Labour Force Survey, May 2010 [Canada] [Rebased, 2023 Revisions]"
doi:10.5683/SP3/FAHTNA,"Labour Force Survey, October 2010 [Canada] [Rebased, 2023 Revisions]"
doi:10.5683/SP3/6H8OLH,"Labour Force Survey, September 2010 [Canada] [Rebased, 2023 Revisions]"
doi:10.5683/SP3/FZZWJF,"Labour Force Survey, April 2011 [Canada]  [Rebased 2025]"
doi:10.5683/SP3/6V6BDT,"Labour Force Survey, August 2011 [Canada]  [Rebased 2025]"
doi:10.5683/SP3/LXZTZ1,"Labour Force Survey, February 2011 [Canada]  [Rebased 2025]"
doi:10.5683/SP3/Q0JPMS,"Labour Force Survey, January 2011 [Canada]  [Rebased 2025]"
doi:10.5683/SP3/LPNYZH,"Labour Force Survey, December 2011 [Canada]  [Rebased 2025]"
doi:10.5683/SP3/FBOXAQ,"Labour Force Survey, July 2011 [Canada]  [Rebased 2025]"
doi:10.5683/SP3/SKFBMY,"Labour Force Survey, June 2011 [Canada]  [Rebased 2025]"
doi:10.5683/SP3/AMYKJI,"Labour Force Survey, May 2011 [Canada]  [Rebased 2025]"
doi:10.5683/SP3/J9QGE9,"Labour Force Survey, March 2011 [Canada]  [Rebased 2025]"
doi:10.5683/SP3/DTCTBQ,"Labour Force Survey, November 2011 [Canada]  [Rebased 2025]"
doi:10.5683/SP3/VBSOJ7,"Labour Force Survey, October 2011 [Canada]  [Rebased 2025]"
doi:10.5683/SP3/26DMCA,"Labour Force Survey, May 2012 [Canada]  [Rebased 2025]"
doi:10.5683/SP3/HQ2EFA,"Labour Force Survey, September 2011 [Canada]  [Rebased 2025]"
doi:10.5683/SP3/IKT5M8,"Labour Force Survey, December 2012 [Canada]  [Rebased 2025]"
doi:10.5683/SP3/BCNIIW,"Labour Force Survey, August 2012 [Canada]  [Rebased 2025]"
doi:10.5683/SP3/RNPNWV,"Labour Force Survey, July 2012 [Canada]  [Rebased 2025]"
doi:10.5683/SP3/LGFOHC,"Labour Force Survey, March 2012 [Canada]  [Rebased 2025]"
doi:10.5683/SP3/0XVSME,"Labour Force Survey, February 2013 [Canada]  [Rebased 2025]"
doi:10.5683/SP3/Y0WSCA,"Labour Force Survey, August 2013 [Canada]  [Rebased 2025]"
doi:10.5683/SP3/KD2XWQ,"Labour Force Survey, April 2012 [Canada]  [Rebased 2025]"
doi:10.5683/SP3/MYQAEA,"Labour Force Survey, June 2012 [Canada]  [Rebased 2025]"
doi:10.5683/SP3/HMLTXW,"Labour Force Survey, January 2012 [Canada]  [Rebased 2025]"
doi:10.5683/SP3/Q8U0AT,"Labour Force Survey, June 2013 [Canada]  [Rebased 2025]"
doi:10.5683/SP3/QDEIJ7,"Labour Force Survey, October 2012 [Canada]  [Rebased 2025]"
doi:10.5683/SP3/O9MUR3,"Labour Force Survey, September 2012 [Canada]  [Rebased 2025]"
doi:10.5683/SP3/TOGT0G,"Labour Force Survey, November 2013 [Canada]  [Rebased 2025]"
doi:10.5683/SP3/JTSOJB,"Labour Force Survey, February 2012 [Canada]  [Rebased 2025]"
doi:10.5683/SP3/B2NOVQ,"Labour Force Survey, March 2013 [Canada]  [Rebased 2025]"
doi:10.5683/SP3/3BKFM7,"Labour Force Survey, December 2013 [Canada]  [Rebased 2025]"
doi:10.5683/SP3/J6QWPM,"Labour Force Survey, August 2014 [Canada]  [Rebased 2025]"
doi:10.5683/SP3/PRRXC7,"Labour Force Survey, November 2012 [Canada]  [Rebased 2025]"
doi:10.5683/SP3/8ESRZN,"Labour Force Survey, May 2013 [Canada]  [Rebased 2025]"
doi:10.5683/SP3/D423WD,"Labour Force Survey, April 2013 [Canada]  [Rebased 2025]"
doi:10.5683/SP3/LFXAVZ,"Labour Force Survey, July 2013 [Canada]  [Rebased 2025]"
doi:10.5683/SP3/D2K7YJ,"Labour Force Survey, October 2013 [Canada]  [Rebased 2025]"
doi:10.5683/SP3/ZHDCXD,"Labour Force Survey, January 2013 [Canada]  [Rebased 2025]"
doi:10.5683/SP3/VVWBMO,"Labour Force Survey, April 2014 [Canada]  [Rebased 2025]"
doi:10.5683/SP3/I7DZAV,"Labour Force Survey, September 2013 [Canada]  [Rebased 2025]"
doi:10.5683/SP3/JUPDKF,"Labour Force Survey, December 2014 [Canada]  [Rebased 2025]"
doi:10.5683/SP3/4UP0PN,"Labour Force Survey, February 2014 [Canada]  [Rebased 2025]"
doi:10.5683/SP3/EGVVHE,"Labour Force Survey, January 2014 [Canada]  [Rebased 2025]"
doi:10.5683/SP3/TRFWBV,"Labour Force Survey, July 2014 [Canada]  [Rebased 2025]"
doi:10.5683/SP3/YUICOC,"Labour Force Survey, June 2014 [Canada]  [Rebased 2025]"
doi:10.5683/SP3/YWF8TD,"Labour Force Survey, March 2014 [Canada]  [Rebased 2025]"
doi:10.5683/SP3/95RXV0,"Labour Force Survey, May 2014 [Canada]  [Rebased 2025]"
doi:10.5683/SP3/EEAHYT,"Labour Force Survey, November 2014 [Canada]  [Rebased 2025]"
doi:10.5683/SP3/2TIDQE,"Labour Force Survey, October 2014 [Canada]  [Rebased 2025]"
doi:10.5683/SP3/OIDFSQ,"Labour Force Survey, September 2014 [Canada]  [Rebased 2025]"
doi:10.5683/SP3/PCERKH,"Labour Force Survey, August 2017 [Canada]  [Rebased 2025]"
doi:10.5683/SP3/IJKYWV,"Labour Force Survey, April 2017 [Canada]  [Rebased 2025]"
doi:10.5683/SP3/DOM134,"Labour Force Survey, December 2017 [Canada]  [Rebased 2025]"
doi:10.5683/SP3/BLZJJH,"Labour Force Survey, February 2017 [Canada]  [Rebased 2025]"
doi:10.5683/SP3/EOXQVY,"Enquête sur la population active, mai 2017 [Canada] [Remanié 2025]"
doi:10.5683/SP3/FRL6LJ,"Labour Force Survey, July 2017 [Canada]  [Rebased 2025]"
doi:10.5683/SP3/CTS2OQ,"Labour Force Survey, April 2018 [Canada]  [Rebased 2025]"
doi:10.5683/SP3/S5ARZD,"Labour Force Survey, June 2017 [Canada]  [Rebased 2025]"
doi:10.5683/SP3/BFZQTM,"Labour Force Survey, October 2017 [Canada]  [Rebased 2025]"
doi:10.5683/SP3/2XPBTM,"Labour Force Survey, May 2017 [Canada]  [Rebased 2025]"
doi:10.5683/SP3/CAT0KR,"Labour Force Survey, September 2017 [Canada]  [Rebased 2025]"
doi:10.5683/SP3/9MJMOU,"Labour Force Survey, February 2018 [Canada]  [Rebased 2025]"
doi:10.5683/SP3/VWZJ0H,"Labour Force Survey, December 2018 [Canada]  [Rebased 2025]"
doi:10.5683/SP3/SRDUJU,"Labour Force Survey, March 2017 [Canada]  [Rebased 2025]"
doi:10.5683/SP3/WGSZMN,"Labour Force Survey, July 2018 [Canada]  [Rebased 2025]"
doi:10.5683/SP3/SKMCMD,"Labour Force Survey, January 2018 [Canada]  [Rebased 2025]"
doi:10.5683/SP3/KZKZL4,"Labour Force Survey, August 2018 [Canada]  [Rebased 2025]"
doi:10.5683/SP3/EMKD3Y,"Labour Force Survey, November 2018 [Canada]  [Rebased 2025]"
doi:10.5683/SP3/8PBVSO,"Labour Force Survey, April 2019 [Canada]  [Rebased 2025]"
doi:10.5683/SP3/PULFDI,"Labour Force Survey, November 2017 [Canada]  [Rebased 2025]"
doi:10.5683/SP3/R5STEU,"Labour Force Survey, June 2018 [Canada]  [Rebased 2025]"
doi:10.5683/SP3/1JYJIY,"Labour Force Survey, August 2019 [Canada]  [Rebased 2025]"
doi:10.5683/SP3/GIIXDS,"Labour Force Survey, February 2019 [Canada]  [Rebased 2025]"
doi:10.5683/SP3/2QINII,"Labour Force Survey, December 2019 [Canada]  [Rebased 2025]"
doi:10.5683/SP3/YUX2VZ,"Labour Force Survey, March 2018 [Canada]  [Rebased 2025]"
doi:10.5683/SP3/OWKGA5,"Labour Force Survey, September 2018 [Canada]  [Rebased 2025]"
doi:10.5683/SP3/WJPHOC,"Labour Force Survey, October 2018 [Canada]  [Rebased 2025]"
doi:10.5683/SP3/07VRYE,"Labour Force Survey, June 2019 [Canada]  [Rebased 2025]"
doi:10.5683/SP3/77NPVR,"Labour Force Survey, July 2019 [Canada]  [Rebased 2025]"
doi:10.5683/SP3/2HRXPH,"Enquête sur la population active, juin 2019 [Canada] [Remanié 2025]"
doi:10.5683/SP3/XRQLB6,"Labour Force Survey, March 2019 [Canada]  [Rebased 2025]"
doi:10.5683/SP3/TVA5OK,"Labour Force Survey, January 2019 [Canada]  [Rebased 2025]"
doi:10.5683/SP3/2BFT6A,"Labour Force Survey, May 2018 [Canada]  [Rebased 2025]"
doi:10.5683/SP3/VKKCA9,"Labour Force Survey, May 2019 [Canada]  [Rebased 2025]"
doi:10.5683/SP3/HTPU9V,"Labour Force Survey, November 2019 [Canada]  [Rebased 2025]"
doi:10.5683/SP3/MDNWS6,"Labour Force Survey, October 2019 [Canada]  [Rebased 2025]"
doi:10.5683/SP3/ALVXUX,"Labour Force Survey, April 2020 [Canada]  [Rebased 2025]"
doi:10.5683/SP3/FIU1HJ,"Labour Force Survey, September 2019 [Canada]  [Rebased 2025]"
doi:10.5683/SP3/0ILVAD,"Labour Force Survey, December 2020 [Canada]  [Rebased 2025]"
doi:10.5683/SP3/TLPACE,"Labour Force Survey, August 2020 [Canada]  [Rebased 2025]"
doi:10.5683/SP3/EMTNWS,"Labour Force Survey, February 2020 [Canada]  [Rebased 2025]"
doi:10.5683/SP3/OBCUPZ,"Labour Force Survey, January 2020 [Canada]  [Rebased 2025]"
doi:10.5683/SP3/CXA29F,"Labour Force Survey, March 2020 [Canada]  [Rebased 2025]"
doi:10.5683/SP3/CI1OOQ,"Labour Force Survey, May 2020 [Canada]  [Rebased 2025]"
doi:10.5683/SP3/FG3N4W,"Labour Force Survey, July 2020 [Canada]  [Rebased 2025]"
doi:10.5683/SP3/UQPMUK,"Labour Force Survey, October 2020 [Canada]  [Rebased 2025]"
doi:10.5683/SP3/9M3EZL,"Labour Force Survey, September 2020 [Canada]  [Rebased 2025]"
doi:10.5683/SP3/NDZQAD,"Labour Force Survey, November 2020 [Canada]  [Rebased 2025]"
doi:10.5683/SP3/YZN0H3,"Labour Force Survey, June 2020 [Canada]  [Rebased 2025]"
doi:10.5683/SP3/JNDPGW,"Labour Force Survey, April 2021 [Canada]  [Rebased 2025]"
doi:10.5683/SP3/LRNT7L,"Labour Force Survey, February 2021 [Canada]  [Rebased 2025]"
doi:10.5683/SP3/ALIN20,"Labour Force Survey, March 2021 [Canada]  [Rebased 2025]"
doi:10.5683/SP3/HC03M8,"Labour Force Survey, August 2021 [Canada]  [Rebased 2025]"
doi:10.5683/SP3/YQ0XER,"Labour Force Survey, December 2021 [Canada]  [Rebased 2025]"
doi:10.5683/SP3/OYNI8W,"Labour Force Survey, July 2021 [Canada]  [Rebased 2025]"
doi:10.5683/SP3/JM2WGS,"Labour Force Survey, June 2021 [Canada]  [Rebased 2025]"
doi:10.5683/SP3/PWHMJG,"Labour Force Survey, November 2021 [Canada]  [Rebased 2025]"
doi:10.5683/SP3/ZZKASL,"Labour Force Survey, January 2021 [Canada]  [Rebased 2025]"
doi:10.5683/SP3/QBCZHG,"Labour Force Survey, October 2021 [Canada]  [Rebased 2025]"
doi:10.5683/SP3/2XFV6N,"Labour Force Survey, August 2022 [Canada]  [Rebased 2025]"
doi:10.5683/SP3/W4AX9E,"Labour Force Survey, September 2021 [Canada]  [Rebased 2025]"
doi:10.5683/SP3/CURQLU,"Labour Force Survey, December 2022 [Canada]  [Rebased 2025]"
doi:10.5683/SP3/OHSMB7,"Labour Force Survey, July 2022 [Canada]  [Rebased 2025]"
doi:10.5683/SP3/8M4NTF,"Labour Force Survey, April 2022 [Canada]  [Rebased 2025]"
doi:10.5683/SP3/RXXEKD,"Labour Force Survey, May 2021 [Canada]  [Rebased 2025]"
doi:10.5683/SP3/MYJH8E,"Labour Force Survey, February 2022 [Canada]  [Rebased 2025]"
doi:10.5683/SP3/4CUKTF,"Labour Force Survey, January 2022 [Canada]  [Rebased 2025]"
doi:10.5683/SP3/YO5MSG,"Labour Force Survey, June 2022 [Canada]  [Rebased 2025]"
doi:10.5683/SP3/SDVI8N,"Labour Force Survey, May 2022 [Canada]  [Rebased 2025]"
doi:10.5683/SP3/8KOGV6,"Labour Force Survey, October 2022 [Canada]  [Rebased 2025]"
doi:10.5683/SP3/HVNTH5,"Labour Force Survey, March 2022 [Canada]  [Rebased 2025]"
doi:10.5683/SP3/R5Z6HQ,"Labour Force Survey, November 2022 [Canada]  [Rebased 2025]"
doi:10.5683/SP3/EV8HPI,"Labour Force Survey, September 2022 [Canada]  [Rebased 2025]"
doi:10.5683/SP3/Q8Z0HG,"Labour Force Survey, April 2023 [Canada] [Rebased 2025]"
doi:10.5683/SP3/FAYCSJ,"Labour Force Survey, February 2023 [Canada] [Rebased 2025]"
doi:10.5683/SP3/MNUREE,"Labour Force Survey, January 2023 [Canada] [Rebased 2025]"
doi:10.5683/SP3/B6WT7W,"Labour Force Survey, March 2023 [Canada] [Rebased 2025]"
doi:10.5683/SP3/SILXTX,"Labour Force Survey, February 2006 [Canada] [Rebased]"
doi:10.5683/SP3/PUV3KD,"Labour Force Survey, April 2006 [Canada] [Rebased]"
doi:10.5683/SP3/Q6CSWR,"Labour Force Survey, December 2006 [Canada] [Rebased]"
doi:10.5683/SP3/X0NW5P,"Labour Force Survey, August 2006 [Canada] [Rebased]"
doi:10.5683/SP3/UCVXCB,"Labour Force Survey, January 2006 [Canada] [Rebased]"
doi:10.5683/SP3/EJDOVW,"Labour Force Survey, July 2006 [Canada] [Rebased]"
doi:10.5683/SP3/XFOR6P,"Labour Force Survey, June 2006 [Canada] [Rebased]"
doi:10.5683/SP3/QDLK8I,"Labour Force Survey, March 2006 [Canada] [Rebased]"
doi:10.5683/SP3/CFHLBK,"Labour Force Survey, May 2006 [Canada] [Rebased]"
doi:10.5683/SP3/WUWPWM,"Labour Force Survey, September 2006 [Canada] [Rebased]"
doi:10.5683/SP3/JHZAPQ,"Labour Force Survey, October 2006 [Canada] [Rebased]"
doi:10.5683/SP3/9UUTEB,"Labour Force Survey, November 2006 [Canada] [Rebased]"
doi:10.5683/SP3/TMRW3Q,"Labour Force Survey, April 2015 [Canada]  [Rebased 2025]"
doi:10.5683/SP3/6BGB1K,"Labour Force Survey, August 2015 [Canada]  [Rebased 2025]"
doi:10.5683/SP3/VD7WTK,"Labour Force Survey, February 2015 [Canada]  [Rebased 2025]"
doi:10.5683/SP3/X10HMX,"Labour Force Survey, December 2015 [Canada]  [Rebased 2025]"
doi:10.5683/SP3/BTGSLK,"Labour Force Survey, March 2015 [Canada]  [Rebased 2025]"
doi:10.5683/SP3/TJKPEI,"Labour Force Survey, November 2015 [Canada]  [Rebased 2025]"
doi:10.5683/SP3/VEDYQU,"Labour Force Survey, January 2015 [Canada]  [Rebased 2025]"
doi:10.5683/SP3/VMOZQH,"Labour Force Survey, October 2015 [Canada]  [Rebased 2025]"
doi:10.5683/SP3/UZSKGL,"Labour Force Survey, July 2015 [Canada]  [Rebased 2025]"
doi:10.5683/SP3/PQOSES,"Labour Force Survey, May 2015 [Canada]  [Rebased 2025]"
doi:10.5683/SP3/XYI0EA,"Labour Force Survey, June 2015 [Canada]  [Rebased 2025]"
doi:10.5683/SP3/PJHD1B,"Labour Force Survey, September 2015 [Canada]  [Rebased 2025]"
doi:10.5683/SP3/NNPOI2,"Labour Force Survey, February 2016 [Canada]  [Rebased 2025]"
doi:10.5683/SP3/BNSN4Y,"Labour Force Survey, March 2016 [Canada]  [Rebased 2025]"
doi:10.5683/SP3/JEFNN5,"Labour Force Survey, August 2016 [Canada]  [Rebased 2025]"
doi:10.5683/SP3/91DZ88,"Labour Force Survey, December 2016 [Canada]  [Rebased 2025]"
doi:10.5683/SP3/OWCTMO,"Labour Force Survey, April 2016 [Canada]  [Rebased 2025]"
doi:10.5683/SP3/0X5FDD,"Labour Force Survey, May 2016 [Canada]  [Rebased 2025]"
doi:10.5683/SP3/5TFNKF,"Labour Force Survey, January 2016 [Canada]  [Rebased 2025]"
doi:10.5683/SP3/YPGJSJ,"Labour Force Survey, July 2016 [Canada]  [Rebased 2025]"
doi:10.5683/SP3/BVDWLA,"Labour Force Survey, June 2016 [Canada]  [Rebased 2025]"
doi:10.5683/SP3/OUGNGQ,"Labour Force Survey, October 2016 [Canada]  [Rebased 2025]"
doi:10.5683/SP3/EOPXLG,"Labour Force Survey, November 2016 [Canada]  [Rebased 2025]"
doi:10.5683/SP3/UF1TFC,"Labour Force Survey, September 2016 [Canada]  [Rebased 2025]"
doi:10.5683/SP3/TQWUUY,"Labour Force Survey, May 2023 [Canada] [Rebased 2025]"
doi:10.5683/SP3/MEEYE5,"Enquête sur la population active, août 2015 [Canada] [Remanié 2025]"
doi:10.5683/SP3/NN1Q0M,"Enquête sur la population active, juillet 2023 [Canada] [Remanié 2025]"
doi:10.5683/SP3/VTKODV,"Labour Force Survey, August 2023 [Canada] [Rebased 2025]"
doi:10.5683/SP3/GBQQZW,"Enquête sur la population active, juin 2023 [Canada] [Remanié 2025]"
doi:10.5683/SP3/M6KCM4,"Labour Force Survey, July 2023 [Canada] [Rebased 2025]"
doi:10.5683/SP3/QHQ01S,"Labour Force Survey, June 2023 [Canada] [Rebased 2025]"
doi:10.5683/SP3/UJXMZ8,"Enquête sur la population active, mai 2023 [Canada] [Remanié 2025]"
doi:10.5683/SP3/TVVQPG,"Labour Force Survey, September 2023 [Canada] [Rebased 2025]"
doi:10.5683/SP3/PU6DUU,"Enquête sur la population active, octobre 2023 [Canada] [Remanié 2025]"
doi:10.5683/SP3/CWOBJI,"Enquête sur la population active, août 2023 [Canada] [Remanié 2025]"
doi:10.5683/SP3/HOLQGX,"Labour Force Survey, October 2023 [Canada] [Rebased 2025]"
doi:10.5683/SP3/FQ84EV,"Enquête sur la population active, novembre 2023 [Canada] [Remanié 2025]"
doi:10.5683/SP3/2VTXYZ,"Labour Force Survey, November 2023 [Canada] [Rebased 2025]"
doi:10.5683/SP3/GAOXM4,"Enquête sur la population active, décembre 2023 [Canada] [Remanié 2025]"
doi:10.5683/SP3/FZVMH6,"Labour Force Survey, December 2023 [Canada] [Rebased 2025]"
doi:10.5683/SP3/J8Y6MR,"Enquête sur la population active, septembre 2023 [Canada] [Remanié 2025]"
doi:10.5683/SP3/WFXLUG,"Labour Force Survey, January 2024 [Canada] [Rebased 2025]"
doi:10.5683/SP3/ETTDXK,"Enquête sur la population active, janvier 2024 [Canada] [Remanié 2025]"
doi:10.5683/SP3/VRRTKY,"Enquête sur la population active, février 2024 [Canada] [Remanié 2025]"
doi:10.5683/SP3/8HVBSS,"Labour Force Survey, February 2024 [Canada] [Rebased 2025]"
doi:10.5683/SP3/5YVVTY,"Enquête sur la population active, janvier 2018 [Canada] [Remanié 2025]"
doi:10.5683/SP3/YT5MLZ,"Enquête sur la population active, août 2022 [Canada] [Remanié 2025]"
doi:10.5683/SP3/JJVAK3,"Labour Force Survey, March 2024 [Canada] [Rebased 2025]"
doi:10.5683/SP3/TWUKGP,"Labour Force Survey, May 2024 [Canada] [Rebased 2025]"
doi:10.5683/SP3/ITMSUR,"Labour Force Survey, June 2024 [Canada] [Rebased 2025]"
doi:10.5683/SP3/0OIFGT,"Labour Force Survey, April 2024 [Canada] [Rebased 2025]"
doi:10.5683/SP3/VLZQJE,"Enquête sur la population active, juin 2024 [Canada] [Remanié 2025]"
doi:10.5683/SP3/R0ALKT,"Enquête sur la population active, mai 2024 [Canada] [Remanié 2025]"
doi:10.5683/SP3/UU0IZ1,"Labour Force Survey, July 2024 [Canada] [Rebased 2025]"
doi:10.5683/SP3/S6UPWM,"Labour Force Survey, August 2024 [Canada] [Rebased 2025]"
doi:10.5683/SP3/AUAVCX,"Labour Force Survey, September 2024 [Canada] [Rebased 2025]"
doi:10.5683/SP3/GFEQ3K,"Labour Force Survey, October 2024 [Canada] [Rebased 2025]"
doi:10.5683/SP3/TJZRCI,"Labour Force Survey, November 2024 [Canada] [Rebased 2025]"
doi:10.5683/SP3/ZRMSWN,"Enquête sur la population active, octobre 2024 [Canada] [Remanié 2025]"
doi:10.5683/SP3/BZZIH3,"Labour Force Survey, January 2025 [Canada]"
doi:10.5683/SP3/RSWVY0,"Enquête sur la population active, janvier 2025 [Canada]"
doi:10.5683/SP3/WAKIE7,"Enquête sur la population active, mars 2024 [Canada] [Remanié 2025]"
doi:10.5683/SP3/M0LFM1,"Enquête sur la population active, août 2024 [Canada] [Remanié 2025]"
doi:10.5683/SP3/SPPCTO,"Enquête sur la population active, décembre 2024 [Canada] [Remanié 2025]"
doi:10.5683/SP3/RL6WHH,"Enquête sur la population active, juillet 2024 [Canada] [Remanié 2025]"
doi:10.5683/SP3/KY9S5A,"Enquête sur la population active, février 2025 [Canada]"
doi:10.5683/SP3/0IXT0N,"Labour Force Survey, February 2025 [Canada]"
doi:10.5683/SP3/HSVZKJ,"Enquête sur la population active, septembre 2024 [Canada] [Remanié 2025]"
doi:10.5683/SP3/IMP82X,"Enquête sur la population active, avril 2024 [Canada] [Remanié 2025]"
doi:10.5683/SP3/ENR5NH,"Enquête sur la population active, novembre 2024 [Canada] [Remanié 2025]"
doi:10.5683/SP3/JK8XHP,"Enquête sur la population active, mars 2025 [Canada]"
doi:10.5683/SP3/IBCNSG,"Enquête sur la population active, avril 2025 [Canada]"
doi:10.5683/SP3/AL67SM,"Labour Force Survey, April 2025 [Canada]"
doi:10.5683/SP3/VZABIR,"Enquête sur la population active, mai 2025 [Canada]"
doi:10.5683/SP3/FFGIBG,"Labour Force Survey, May 2025 [Canada]"
doi:10.5683/SP3/U48BIG,"Labour Force Survey, March 2025 [Canada]"
doi:10.5683/SP3/NOZNB4,"Labour Force Survey, July 2025 [Canada]"
doi:10.5683/SP3/4IPEES,"Enquête sur la population active, juin 2025 [Canada]"
doi:10.5683/SP3/IS9M7P,"Enquête sur la population active, juillet 2025 [Canada]"
doi:10.5683/SP3/4WVZ5X,"Enquête sur la population active, novembre 2021 [Canada] [Remanié 2025]"
doi:10.5683/SP3/RRJZQS,"Enquête sur la population active, décembre 2021 [Canada] [Remanié 2025]"
doi:10.5683/SP3/LV8LR1,"Enquête sur la population active, août 2025 [Canada]"
doi:10.5683/SP3/AUCFMC,"Enquête sur la population active, septembre 2025 [Canada]"
doi:10.5683/SP3/XLC7LE,"Enquête sur la population active, octobre 2025 [Canada]"
doi:10.5683/SP3/SYR2OC,"Labour Force Survey, September 2025 [Canada]"
doi:10.5683/SP3/F8NQVX,"Labour Force Survey, November 2025 [Canada]"
doi:10.5683/SP3/NPHSRG,"Enquête sur la population active, novembre 2025 [Canada]"
doi:10.5683/SP3/THTTU7,"Labour Force Survey, June 2025 [Canada]"
doi:10.5683/SP3/03GEHN,"Labour Force Survey, August 2025 [Canada]"
doi:10.5683/SP3/MTH7WE,"Labour Force Survey, December 2024 [Canada] [Rebased 2025]"
doi:10.5683/SP3/QRB1DK,"Labour Force Survey, October 2025 [Canada]"
doi:10.5683/SP3/FNS9EF,"Labour Force Survey, December 2025 [Canada]"
doi:10.5683/SP3/QX6QUN,"Enquête sur la population active, décembre 2025 [Canada]"
doi:10.5683/SP3/PB6VJY,"Enquête sur la population active, janvier 2026 [Canada]"
